genre,mean,sd,n
FAIRY,0.7775243586058698,0.13396952809363832,760
NOVEL-CONT,0.8766603716678086,0.10683622230908628,799
