genre,mean,sd
FAIRY,34.850485011528804,33.007143581367885
NOVEL-CONT,46.29005126015078,39.636079611389
