genre,mean,sd
FAIRY,0.20491539473684212,0.6722649548741084
NOVEL-CONT,0.09220475594493116,0.5956249442921836
