genre,mean,sd
FAIRY,5.001315789473685,0.03627381250550058
NOVEL-CONT,5.0,0.0
