genre,mean,sd
FAIRY,0.6471992284037723,0.07790621673617912
NOVEL-CONT,0.7163311107253238,0.06376834123642629
