genre,mean,sd
FAIRY,0.8758171212489874,0.08031456022887894
NOVEL-CONT,0.933939589377119,0.05987619716797628
